operation,prev_base,next_base,total,pos_1,pos_2,pos_3,pos_4,pos_5,pos_6,pos_7,pos_8,pos_9,pos_10,pos_11,pos_12,pos_13
A>C,A,A,44,0,4,0,7,6,3,2,4,5,7,6,0,0
A>C,A,C,25,0,3,6,1,2,2,3,1,2,5,0,0,0
A>C,A,G,22,4,5,1,3,3,2,1,0,2,0,1,0,0
A>C,A,T,31,5,4,2,1,2,3,5,2,2,3,2,0,0
A>C,C,A,64,0,3,8,6,8,6,6,6,11,3,7,0,0
A>C,C,C,10,0,0,1,1,0,1,1,2,2,1,1,0,0
A>C,C,G,30,2,3,3,2,0,6,3,1,5,1,4,0,0
A>C,C,T,19,0,1,3,2,4,2,1,0,1,2,3,0,0
A>C,G,A,31,0,0,2,6,4,6,2,3,1,5,2,0,0
A>C,G,C,5,0,0,0,0,0,1,1,0,0,3,0,0,0
A>C,G,G,5,0,2,1,1,0,0,1,0,0,0,0,0,0
A>C,G,T,19,1,2,4,2,2,2,0,3,1,1,1,0,0
A>C,T,A,18,0,1,5,2,0,2,1,2,2,2,1,0,0
A>C,T,C,8,0,1,0,2,0,1,2,0,0,1,1,0,0
A>C,T,G,5,2,0,0,0,0,0,1,1,0,0,1,0,0
A>C,T,T,20,2,1,1,1,0,4,4,2,2,1,2,0,0
A>G,A,A,29,0,3,4,9,1,3,0,4,1,2,2,0,0
A>G,A,C,11,1,2,0,2,3,1,0,0,0,1,1,0,0
A>G,A,G,55,0,3,3,8,4,7,7,6,9,4,4,0,0
A>G,A,T,10,1,1,0,3,1,2,1,0,1,0,0,0,0
A>G,C,A,4,0,0,1,0,0,0,2,0,0,1,0,0,0
A>G,C,C,3,1,1,0,0,0,0,0,0,0,0,1,0,0
A>G,C,G,10,0,0,0,0,2,1,2,2,0,1,2,0,0
A>G,C,T,11,3,0,0,1,0,0,5,2,0,0,0,0,0
A>G,G,A,53,0,3,8,4,7,6,5,5,5,2,8,0,0
A>G,G,C,7,4,0,0,0,0,0,1,0,1,0,1,0,0
A>G,G,G,4,0,0,1,0,1,0,0,2,0,0,0,0,0
A>G,G,T,11,4,0,0,0,0,2,1,1,2,0,1,0,0
A>G,T,A,5,0,0,1,2,0,1,1,0,0,0,0,0,0
A>G,T,C,2,0,1,0,0,0,0,0,0,0,1,0,0,0
A>G,T,G,5,0,1,0,0,1,0,0,3,0,0,0,0,0
A>G,T,T,10,4,0,0,0,1,2,0,0,1,1,1,0,0
A>T,A,A,30,0,3,4,2,1,2,3,4,4,4,3,0,0
A>T,A,C,7,0,2,0,0,1,1,0,0,1,1,1,0,0
A>T,A,G,13,2,1,0,3,1,1,1,0,1,1,2,0,0
A>T,A,T,72,0,8,3,8,6,13,3,6,5,14,6,0,0
A>T,C,A,4,0,1,1,0,0,0,0,1,0,0,1,0,0
A>T,C,C,2,1,1,0,0,0,0,0,0,0,0,0,0,0
A>T,C,G,2,0,0,0,0,0,0,0,1,1,0,0,0,0
A>T,C,T,13,0,2,2,0,1,1,3,1,1,0,2,0,0
A>T,G,A,13,0,0,2,1,3,1,2,0,2,1,1,0,0
A>T,G,C,2,0,0,1,0,0,0,0,1,0,0,0,0,0
A>T,G,G,5,1,0,0,1,2,0,0,1,0,0,0,0,0
A>T,G,T,17,0,1,0,2,3,3,4,2,0,2,0,0,0
A>T,T,A,71,0,7,8,7,4,12,5,5,7,8,8,0,0
A>T,T,C,8,2,1,0,1,0,0,2,0,0,1,1,0,0
A>T,T,G,7,0,0,1,0,0,2,0,3,0,1,0,0,0
A>T,T,T,37,0,3,5,2,3,3,7,5,1,1,7,0,0
G>A,A,A,41,0,2,6,1,5,8,7,1,2,6,3,0,0
G>A,A,C,31,2,8,1,4,3,1,6,0,2,2,2,0,0
G>A,A,G,57,0,6,5,9,6,6,3,3,6,5,8,0,0
G>A,A,T,13,3,0,1,4,1,0,3,0,0,0,1,0,0
G>A,C,A,16,0,2,1,0,1,3,2,1,2,4,0,0,0
G>A,C,C,3,1,0,0,0,0,0,1,1,0,0,0,0,0
G>A,C,G,13,0,2,1,2,1,1,2,1,0,2,1,0,0
G>A,C,T,6,3,0,1,1,0,0,1,0,0,0,0,0,0
G>A,G,A,86,0,5,8,9,9,12,9,13,5,6,10,0,0
G>A,G,C,6,1,0,1,1,0,1,1,0,0,0,1,0,0
G>A,G,G,12,0,1,1,1,1,0,2,4,1,1,0,0,0
G>A,G,T,8,3,1,0,0,0,0,1,1,1,0,1,0,0
G>A,T,A,22,0,1,3,2,3,2,1,2,5,2,1,0,0
G>A,T,C,7,1,0,1,0,2,2,0,0,0,0,1,0,0
G>A,T,G,4,0,0,0,2,1,0,0,0,1,0,0,0,0
G>A,T,T,11,3,1,1,1,0,1,2,0,0,1,1,0,0
G>C,A,A,6,1,1,1,0,1,1,0,0,0,0,1,0,0
G>C,A,C,9,0,2,0,0,0,1,3,2,1,0,0,0,0
G>C,A,G,12,0,1,0,2,2,0,1,2,2,2,0,0,0
G>C,A,T,1,0,0,0,0,0,0,1,0,0,0,0,0,0
G>C,C,A,11,0,0,3,0,0,1,2,1,1,2,1,0,0
G>C,C,C,15,0,1,3,1,1,1,1,3,1,1,2,0,0
G>C,C,G,44,0,4,8,1,11,4,3,3,3,3,4,0,0
G>C,C,T,13,3,1,3,2,1,0,1,1,1,0,0,0,0
G>C,G,A,21,3,3,2,0,2,3,3,1,3,1,0,0,0
G>C,G,C,41,0,7,2,4,4,3,8,4,2,7,0,0,0
G>C,G,G,19,0,0,6,0,3,1,1,0,3,2,3,0,0
G>C,G,T,11,2,0,0,0,1,0,1,1,0,4,2,0,0
G>C,T,A,9,5,0,0,0,0,0,1,1,2,0,0,0,0
G>C,T,C,8,0,0,0,1,2,1,2,0,0,0,2,0,0
G>C,T,G,6,0,0,1,1,0,0,2,0,1,0,1,0,0
G>C,T,T,14,5,2,0,1,2,0,2,0,0,2,0,0,0
G>T,A,A,44,10,1,6,3,5,6,4,4,1,2,2,0,0
G>T,A,C,25,6,2,2,3,2,3,3,0,0,1,3,0,0
G>T,A,G,26,0,2,4,4,3,3,1,2,2,4,1,0,0
G>T,A,T,27,0,2,2,1,2,3,5,1,4,4,3,0,0
G>T,C,A,19,2,3,3,1,0,2,0,2,0,5,1,0,0
G>T,C,C,12,1,0,3,0,0,0,1,1,1,3,2,0,0
G>T,C,G,26,0,3,2,1,2,2,2,5,8,1,0,0,0
G>T,C,T,27,0,3,0,1,6,3,4,3,3,2,2,0,0
G>T,G,A,17,2,2,3,2,4,0,0,1,1,0,2,0,0
G>T,G,C,12,3,0,2,0,1,0,1,0,0,3,2,0,0
G>T,G,G,11,0,1,0,0,0,2,3,0,2,0,3,0,0
G>T,G,T,75,0,4,6,5,8,6,11,20,4,7,4,0,0
G>T,T,A,42,6,4,6,3,3,1,4,5,4,4,2,0,0
G>T,T,C,21,2,3,2,1,5,0,0,0,0,5,3,0,0
G>T,T,G,63,0,10,14,6,6,11,2,1,6,3,4,0,0
G>T,T,T,40,0,5,5,2,6,4,2,6,3,4,3,0,0
C>A,A,A,36,0,2,5,5,0,4,2,7,5,2,4,0,0
C>A,A,C,88,0,9,11,9,10,4,10,9,8,6,12,0,0
C>A,A,G,33,9,6,2,2,1,0,3,3,3,2,2,0,0
C>A,A,T,21,2,3,3,0,2,1,2,1,4,2,1,0,0
C>A,C,A,52,0,2,6,8,2,6,5,5,4,4,10,0,0
C>A,C,C,21,0,4,1,1,3,2,1,1,2,1,5,0,0
C>A,C,G,29,4,3,1,1,6,3,2,1,4,2,2,0,0
C>A,C,T,32,4,2,3,4,1,3,2,3,3,1,6,0,0
C>A,G,A,21,0,1,3,4,1,2,3,2,1,0,4,0,0
C>A,G,C,23,0,1,2,3,2,2,2,5,2,2,2,0,0
C>A,G,G,20,1,3,0,0,3,2,2,1,2,5,1,0,0
C>A,G,T,35,7,3,4,3,1,4,2,3,2,3,3,0,0
C>A,T,A,41,0,4,5,1,7,5,5,5,3,3,3,0,0
C>A,T,C,22,0,5,1,3,0,0,1,2,3,4,3,0,0
C>A,T,G,17,4,5,0,1,0,3,0,1,1,0,2,0,0
C>A,T,T,27,5,0,3,3,4,1,0,4,3,3,1,0,0
C>G,A,A,10,9,1,0,0,0,0,0,0,0,0,0,0,0
C>G,A,C,7,0,0,1,2,0,0,1,1,0,2,0,0,0
C>G,A,G,5,0,2,0,2,1,0,0,0,0,0,0,0,0
C>G,A,T,4,1,0,1,1,0,0,1,0,0,0,0,0,0
C>G,C,A,5,0,1,0,1,0,0,0,0,1,2,0,0,0
C>G,C,C,5,0,0,1,0,0,1,0,1,0,1,1,0,0
C>G,C,G,37,0,1,5,4,2,2,2,3,6,6,6,0,0
C>G,C,T,21,9,1,0,3,0,4,0,0,1,1,2,0,0
C>G,G,A,8,1,1,0,1,1,0,1,0,1,1,1,0,0
C>G,G,C,45,0,4,4,2,2,4,9,4,4,8,4,0,0
C>G,G,G,12,0,1,0,1,1,0,1,2,1,2,3,0,0
C>G,G,T,14,3,1,0,0,3,2,1,1,1,2,0,0,0
C>G,T,A,6,1,1,1,0,0,0,0,0,0,0,3,0,0
C>G,T,C,10,0,0,1,1,0,0,1,2,1,3,1,0,0
C>G,T,G,8,0,1,0,0,0,0,1,0,1,2,3,0,0
C>G,T,T,4,1,0,1,1,0,0,1,0,0,0,0,0,0
C>T,A,A,7,2,0,1,0,0,0,1,1,2,0,0,0,0
C>T,A,C,5,0,0,1,0,1,1,0,0,0,1,1,0,0
C>T,A,G,5,2,1,0,0,0,0,0,0,0,1,1,0,0
C>T,A,T,8,0,0,1,2,0,0,0,0,1,3,1,0,0
C>T,C,A,12,2,0,2,1,0,2,0,0,2,1,2,0,0
C>T,C,C,10,0,2,0,0,3,0,2,0,1,1,1,0,0
C>T,C,G,15,5,0,0,1,1,0,0,3,2,3,0,0,0
C>T,C,T,40,0,3,4,8,6,2,1,4,4,3,5,0,0
C>T,G,A,3,1,0,0,0,1,0,1,0,0,0,0,0,0
C>T,G,C,8,0,2,0,1,0,0,1,2,1,1,0,0,0
C>T,G,G,4,2,1,0,0,1,0,0,0,0,0,0,0,0
C>T,G,T,19,0,2,1,3,4,1,0,2,2,1,3,0,0
C>T,T,A,30,1,6,1,2,3,3,3,0,2,4,5,0,0
C>T,T,C,85,0,15,10,14,6,4,6,6,9,4,11,0,0
C>T,T,G,14,2,2,1,2,0,3,1,2,0,1,0,0,0
C>T,T,T,52,0,6,5,7,3,8,9,1,7,3,3,0,0
T>A,A,A,35,0,4,9,2,4,3,5,4,1,3,0,0,0
T>A,A,C,27,3,3,2,2,3,1,7,2,1,2,1,0,0
T>A,A,G,18,2,1,0,1,2,2,0,2,3,3,2,0,0
T>A,A,T,70,0,2,10,7,6,2,9,11,4,10,9,0,0
T>A,C,A,7,0,0,3,0,0,0,1,1,0,1,1,0,0
T>A,C,C,1,0,0,0,0,1,0,0,0,0,0,0,0,0
T>A,C,G,4,1,1,0,0,0,0,0,1,1,0,0,0,0
T>A,C,T,11,0,1,0,1,2,2,0,3,1,1,0,0,0
T>A,G,A,7,0,0,0,0,2,0,0,1,0,1,3,0,0
T>A,G,C,2,0,0,0,1,0,0,1,0,0,0,0,0,0
T>A,G,G,4,1,0,0,0,0,2,0,0,0,0,1,0,0
T>A,G,T,15,0,1,3,1,2,2,3,0,1,2,0,0,0
T>A,T,A,61,0,6,5,7,5,7,9,3,3,10,6,0,0
T>A,T,C,6,0,1,1,0,2,0,0,1,0,0,1,0,0
T>A,T,G,8,1,0,0,0,3,0,0,1,0,3,0,0,0
T>A,T,T,21,0,4,4,1,3,1,3,1,1,0,3,0,0
T>C,A,A,9,2,1,1,1,0,1,1,1,0,0,1,0,0
T>C,A,C,8,0,0,2,1,0,1,0,1,0,1,2,0,0
T>C,A,G,4,0,1,0,0,1,1,0,1,0,0,0,0,0
T>C,A,T,12,0,1,0,2,3,0,1,3,1,1,0,0,0
T>C,C,A,7,1,0,1,0,1,1,1,1,1,0,0,0,0
T>C,C,C,14,0,2,0,0,1,0,1,4,1,2,3,0,0
T>C,C,G,17,3,1,0,3,1,2,1,0,2,1,3,0,0
T>C,C,T,48,0,4,3,10,3,4,7,6,5,4,2,0,0
T>C,G,A,1,0,0,0,0,0,1,0,0,0,0,0,0,0
T>C,G,C,6,0,0,1,1,1,1,0,0,1,0,1,0,0
T>C,G,G,3,0,0,0,0,1,1,0,1,0,0,0,0,0
T>C,G,T,11,0,4,2,0,1,0,3,0,0,1,0,0,0
T>C,T,A,3,0,0,0,0,0,0,0,0,2,0,1,0,0
T>C,T,C,46,0,6,2,4,9,5,5,1,3,5,6,0,0
T>C,T,G,8,2,1,4,0,0,0,0,1,0,0,0,0,0
T>C,T,T,18,0,1,0,3,4,1,2,1,1,3,2,0,0
T>G,A,A,23,5,4,0,1,1,1,3,2,4,2,0,0,0
T>G,A,C,12,1,3,0,2,0,0,0,2,0,4,0,0,0
T>G,A,G,20,0,2,2,1,3,1,0,4,3,3,1,0,0
T>G,A,T,23,0,2,4,3,1,2,4,1,1,3,2,0,0
T>G,C,A,6,1,0,2,0,0,0,0,0,3,0,0,0,0
T>G,C,C,12,2,1,1,1,1,2,2,0,1,1,0,0,0
T>G,C,G,25,0,1,5,5,2,1,2,2,3,2,2,0,0
T>G,C,T,22,0,1,1,2,5,3,1,1,3,5,0,0,0
T>G,G,A,11,1,0,3,0,2,0,0,2,1,1,1,0,0
T>G,G,C,15,2,2,3,2,0,0,1,0,2,0,3,0,0
T>G,G,G,9,0,0,0,3,2,0,2,0,1,0,1,0,0
T>G,G,T,40,0,3,1,4,5,6,7,3,3,3,5,0,0
T>G,T,A,17,1,2,1,1,0,1,4,0,4,1,2,0,0
T>G,T,C,28,5,3,2,4,2,5,2,1,1,3,0,0,0
T>G,T,G,72,0,13,6,10,5,5,6,11,6,3,7,0,0
T>G,T,T,45,0,4,4,4,6,5,6,5,3,4,4,0,0
->A,A,A,1654,0,96,152,181,183,210,166,160,186,176,144,0,0
->A,A,C,1990,182,184,184,186,183,162,211,203,156,176,163,0,0
->A,A,G,1599,136,156,133,145,141,170,135,147,131,164,141,0,0
->A,A,T,1375,89,118,133,121,153,129,122,131,125,123,131,0,0
->A,C,A,75,0,2,10,11,8,12,4,7,8,8,5,0,0
->A,C,C,113,5,10,10,7,6,16,17,8,10,13,11,0,0
->A,C,G,150,12,14,10,15,13,13,15,15,14,15,14,0,0
->A,C,T,103,13,8,12,8,9,8,5,7,10,12,11,0,0
->A,G,A,85,0,4,12,6,2,12,3,8,7,21,10,0,0
->A,G,C,101,9,7,19,8,9,1,11,6,9,10,12,0,0
->A,G,G,75,12,5,4,10,8,16,9,3,3,1,4,0,0
->A,G,T,111,15,8,11,11,8,7,10,11,11,11,8,0,0
->A,T,A,104,0,3,11,13,14,9,8,8,10,15,13,0,0
->A,T,C,103,15,9,11,5,2,11,12,9,6,11,12,0,0
->A,T,G,101,18,8,11,13,8,9,9,2,6,10,7,0,0
->A,T,T,134,8,12,15,9,9,16,16,9,17,16,7,0,0
->C,A,A,178,13,16,15,18,16,23,17,15,14,19,12,0,0
->C,A,C,100,0,8,10,20,8,9,9,9,11,9,7,0,0
->C,A,G,138,16,17,9,9,10,16,12,20,9,6,14,0,0
->C,A,T,132,18,15,13,12,11,12,13,8,12,8,10,0,0
->C,C,A,711,56,61,74,62,69,70,71,49,66,67,66,0,0
->C,C,C,641,0,60,64,66,75,75,65,75,60,46,55,0,0
->C,C,G,807,71,95,82,76,67,93,50,67,76,52,78,0,0
->C,C,T,820,70,58,80,76,71,57,85,74,93,71,85,0,0
->C,G,A,142,12,11,10,19,13,9,12,17,16,13,10,0,0
->C,G,C,95,0,3,11,9,11,13,3,11,13,12,9,0,0
->C,G,G,137,8,12,15,15,12,8,10,15,12,16,14,0,0
->C,G,T,207,22,17,11,11,25,24,22,22,16,24,13,0,0
->C,T,A,90,10,6,8,12,3,10,9,8,7,6,11,0,0
->C,T,C,88,0,6,10,10,12,10,7,10,13,2,8,0,0
->C,T,G,87,11,9,12,4,7,9,4,5,12,4,10,0,0
->C,T,T,164,11,15,23,20,15,14,7,19,14,11,15,0,0
->G,A,A,167,15,14,23,9,15,17,16,15,11,21,11,0,0
->G,A,C,118,13,13,10,17,5,8,9,14,10,13,6,0,0
->G,A,G,103,0,6,11,13,9,12,13,13,8,12,6,0,0
->G,A,T,119,8,10,14,12,14,8,15,14,8,10,6,0,0
->G,C,A,94,12,7,8,10,5,10,6,16,3,5,12,0,0
->G,C,C,69,7,7,7,4,6,8,9,8,2,5,6,0,0
->G,C,G,144,0,12,14,18,15,14,16,8,18,12,17,0,0
->G,C,T,149,17,19,16,14,11,16,12,14,7,12,11,0,0
->G,G,A,957,92,98,87,103,78,91,84,89,82,73,80,0,0
->G,G,C,821,76,78,81,79,67,71,78,64,76,68,83,0,0
->G,G,G,507,0,38,44,48,51,53,66,50,51,52,54,0,0
->G,G,T,752,68,73,71,60,84,54,72,56,63,81,70,0,0
->G,T,A,134,14,11,15,9,15,14,17,14,8,6,11,0,0
->G,T,C,120,5,15,12,10,13,10,12,10,7,11,15,0,0
->G,T,G,97,0,7,4,19,9,12,3,12,12,8,11,0,0
->G,T,T,159,8,12,18,14,12,17,16,8,18,15,21,0,0
->T,A,A,198,12,17,21,18,14,19,16,19,18,27,17,0,0
->T,A,C,123,13,16,18,4,9,12,10,10,8,13,10,0,0
->T,A,G,146,11,14,13,14,10,9,11,15,13,21,15,0,0
->T,A,T,102,0,10,8,7,11,14,8,19,4,7,14,0,0
->T,C,A,83,5,10,7,11,5,5,14,5,7,3,11,0,0
->T,C,C,74,8,4,5,3,7,11,4,6,5,10,11,0,0
->T,C,G,107,10,7,11,10,11,14,5,6,11,11,11,0,0
->T,C,T,85,0,7,7,5,14,6,8,12,7,8,11,0,0
->T,G,A,122,10,14,10,13,8,15,11,8,13,9,11,0,0
->T,G,C,78,13,9,7,7,2,4,6,5,13,6,6,0,0
->T,G,G,76,4,8,9,12,6,5,6,7,6,5,8,0,0
->T,G,T,100,0,10,11,6,12,13,8,6,9,11,14,0,0
->T,T,A,2307,199,176,208,205,251,205,185,225,217,221,215,0,0
->T,T,C,1575,126,155,164,147,153,110,153,172,121,140,134,0,0
->T,T,G,1050,92,110,89,96,88,110,84,84,96,90,111,0,0
->T,T,T,1479,0,79,131,126,170,154,165,174,173,155,152,0,0
A>-,A,C,1048,51,123,96,83,118,88,102,76,109,98,104,0,0
A>-,A,G,1445,61,135,117,144,133,147,151,128,114,148,167,0,0
A>-,A,T,1469,113,139,126,152,151,150,148,130,136,83,141,0,0
A>-,C,C,128,8,14,8,9,16,16,11,12,14,10,10,0,0
A>-,C,G,253,13,19,16,17,25,32,24,24,29,30,24,0,0
A>-,C,T,273,12,27,32,31,18,28,25,30,23,16,31,0,0
A>-,G,C,133,12,10,13,11,10,23,12,9,9,11,13,0,0
A>-,G,G,189,9,16,23,21,21,13,18,19,17,15,17,0,0
A>-,G,T,270,13,31,25,25,29,29,25,21,20,28,24,0,0
A>-,T,C,135,8,23,10,3,16,11,14,17,15,12,6,0,0
A>-,T,G,112,5,8,6,11,14,16,16,9,9,10,8,0,0
A>-,T,T,252,16,19,29,25,18,29,23,18,23,22,30,0,0
C>-,A,A,280,22,16,32,34,20,26,21,28,26,33,22,0,0
C>-,A,G,171,10,13,20,19,17,16,22,17,10,14,13,0,0
C>-,A,T,207,10,13,15,18,17,25,28,17,23,20,21,0,0
C>-,C,A,818,40,67,72,68,67,84,75,78,110,79,78,0,0
C>-,C,G,1064,62,93,121,104,95,127,85,103,102,104,68,0,0
C>-,C,T,875,66,89,83,87,75,85,67,82,80,90,71,0,0
C>-,G,A,219,18,18,22,16,19,20,26,23,16,18,23,0,0
C>-,G,G,185,16,21,17,22,13,15,20,10,20,16,15,0,0
C>-,G,T,308,20,18,26,24,34,26,32,36,29,29,34,0,0
C>-,T,A,309,22,33,22,22,33,40,22,42,32,23,18,0,0
C>-,T,G,196,17,22,15,19,16,19,9,24,18,18,19,0,0
C>-,T,T,294,14,22,27,28,31,27,28,33,30,25,29,0,0
G>-,A,A,324,20,17,24,28,33,33,42,38,31,30,28,0,0
G>-,A,C,308,26,28,27,26,27,40,24,25,22,33,30,0,0
G>-,A,T,223,9,24,25,30,14,23,23,13,24,19,19,0,0
G>-,C,A,159,16,14,20,9,12,21,14,6,15,11,21,0,0
G>-,C,C,163,10,16,18,10,16,16,13,17,20,11,16,0,0
G>-,C,T,184,9,16,12,16,24,13,14,16,25,20,19,0,0
G>-,G,A,1069,65,55,125,118,103,94,94,114,91,101,109,0,0
G>-,G,C,997,79,94,87,71,104,56,84,107,102,110,103,0,0
G>-,G,T,672,40,62,56,37,67,55,74,86,63,73,59,0,0
G>-,T,A,330,31,29,28,23,29,33,35,24,42,25,31,0,0
G>-,T,C,210,10,11,17,23,27,17,15,18,16,28,28,0,0
G>-,T,T,285,20,27,23,19,29,31,36,40,8,24,28,0,0
T>-,A,A,248,11,13,23,28,23,30,23,25,28,20,24,0,0
T>-,A,C,283,23,26,22,27,35,23,32,26,23,16,30,0,0
T>-,A,G,272,20,31,24,25,24,29,16,18,31,30,24,0,0
T>-,C,A,95,6,3,16,6,5,9,11,7,12,11,9,0,0
T>-,C,C,150,7,18,15,16,12,16,11,10,21,9,15,0,0
T>-,C,G,278,17,26,27,23,22,22,20,27,32,30,32,0,0
T>-,G,A,116,6,13,18,14,6,9,9,11,10,13,7,0,0
T>-,G,C,159,13,12,16,14,15,20,15,8,16,16,14,0,0
T>-,G,G,126,3,16,15,17,4,11,12,9,13,13,13,0,0
T>-,T,A,901,40,57,88,104,74,95,114,83,74,86,86,0,0
T>-,T,C,1312,78,148,109,113,109,161,117,120,117,106,134,0,0
T>-,T,G,1311,87,142,133,137,109,114,93,132,128,124,112,0,0
