operation,prev_base,next_base,total,forward
A>C,A,A,46,32
A>C,A,C,26,19
A>C,A,G,22,20
A>C,A,T,30,23
A>C,C,A,64,43
A>C,C,C,10,7
A>C,C,G,29,16
A>C,C,T,19,15
A>C,G,A,29,23
A>C,G,C,5,5
A>C,G,G,5,4
A>C,G,T,17,14
A>C,T,A,17,14
A>C,T,C,8,7
A>C,T,G,5,5
A>C,T,T,20,16
A>G,A,A,28,15
A>G,A,C,10,6
A>G,A,G,53,23
A>G,A,T,10,8
A>G,C,A,4,3
A>G,C,C,3,3
A>G,C,G,10,4
A>G,C,T,11,10
A>G,G,A,55,20
A>G,G,C,7,1
A>G,G,G,4,3
A>G,G,T,12,6
A>G,T,A,4,3
A>G,T,C,2,1
A>G,T,G,4,0
A>G,T,T,10,6
A>T,A,A,29,11
A>T,A,C,8,4
A>T,A,G,13,8
A>T,A,T,71,34
A>T,C,A,5,3
A>T,C,C,2,0
A>T,C,G,2,0
A>T,C,T,12,4
A>T,G,A,14,8
A>T,G,C,2,1
A>T,G,G,4,2
A>T,G,T,17,6
A>T,T,A,71,37
A>T,T,C,9,7
A>T,T,G,7,3
A>T,T,T,37,11
G>A,A,A,40,22
G>A,A,C,31,19
G>A,A,G,59,30
G>A,A,T,13,6
G>A,C,A,16,6
G>A,C,C,3,2
G>A,C,G,13,6
G>A,C,T,8,1
G>A,G,A,84,49
G>A,G,C,6,2
G>A,G,G,10,1
G>A,G,T,8,2
G>A,T,A,22,12
G>A,T,C,7,2
G>A,T,G,4,1
G>A,T,T,12,5
G>C,A,A,6,1
G>C,A,C,9,2
G>C,A,G,12,4
G>C,A,T,1,0
G>C,C,A,11,3
G>C,C,C,14,3
G>C,C,G,45,22
G>C,C,T,13,2
G>C,G,A,21,8
G>C,G,C,37,16
G>C,G,G,20,3
G>C,G,T,10,4
G>C,T,A,8,1
G>C,T,C,8,3
G>C,T,G,6,2
G>C,T,T,13,3
G>T,A,A,44,15
G>T,A,C,25,10
G>T,A,G,26,13
G>T,A,T,27,9
G>T,C,A,19,5
G>T,C,C,12,4
G>T,C,G,26,4
G>T,C,T,28,5
G>T,G,A,17,2
G>T,G,C,12,4
G>T,G,G,10,5
G>T,G,T,75,38
G>T,T,A,42,15
G>T,T,C,22,7
G>T,T,G,62,33
G>T,T,T,40,8
C>A,A,A,35,23
C>A,A,C,88,50
C>A,A,G,33,29
C>A,A,T,22,17
C>A,C,A,53,28
C>A,C,C,20,12
C>A,C,G,29,18
C>A,C,T,32,18
C>A,G,A,21,10
C>A,G,C,23,14
C>A,G,G,19,13
C>A,G,T,36,21
C>A,T,A,39,27
C>A,T,C,22,17
C>A,T,G,18,12
C>A,T,T,27,16
C>G,A,A,10,8
C>G,A,C,6,4
C>G,A,G,4,2
C>G,A,T,4,3
C>G,C,A,5,5
C>G,C,C,5,3
C>G,C,G,36,14
C>G,C,T,19,11
C>G,G,A,8,3
C>G,G,C,45,24
C>G,G,G,12,7
C>G,G,T,14,4
C>G,T,A,6,4
C>G,T,C,10,8
C>G,T,G,8,4
C>G,T,T,4,1
C>T,A,A,7,7
C>T,A,C,5,2
C>T,A,G,6,4
C>T,A,T,8,4
C>T,C,A,12,8
C>T,C,C,11,10
C>T,C,G,14,11
C>T,C,T,40,14
C>T,G,A,3,2
C>T,G,C,8,7
C>T,G,G,4,3
C>T,G,T,20,6
C>T,T,A,31,14
C>T,T,C,85,52
C>T,T,G,16,8
C>T,T,T,53,23
T>A,A,A,35,20
T>A,A,C,27,17
T>A,A,G,18,11
T>A,A,T,72,43
T>A,C,A,7,4
T>A,C,C,1,1
T>A,C,G,4,2
T>A,C,T,11,6
T>A,G,A,7,4
T>A,G,C,2,1
T>A,G,G,4,1
T>A,G,T,14,2
T>A,T,A,60,33
T>A,T,C,6,3
T>A,T,G,8,3
T>A,T,T,21,9
T>C,A,A,9,2
T>C,A,C,8,2
T>C,A,G,4,3
T>C,A,T,12,5
T>C,C,A,7,4
T>C,C,C,14,7
T>C,C,G,17,10
T>C,C,T,48,27
T>C,G,A,1,0
T>C,G,C,6,4
T>C,G,G,3,0
T>C,G,T,10,3
T>C,T,A,3,1
T>C,T,C,49,27
T>C,T,G,9,3
T>C,T,T,17,6
T>G,A,A,23,4
T>G,A,C,12,3
T>G,A,G,20,6
T>G,A,T,23,8
T>G,C,A,6,4
T>G,C,C,12,2
T>G,C,G,25,6
T>G,C,T,22,7
T>G,G,A,12,4
T>G,G,C,15,2
T>G,G,G,10,3
T>G,G,T,40,12
T>G,T,A,19,6
T>G,T,C,28,6
T>G,T,G,70,26
T>G,T,T,43,14
->A,A,A,1656,987
->A,A,C,2006,1160
->A,A,G,1602,1072
->A,A,T,1384,843
->A,C,A,74,32
->A,C,C,114,63
->A,C,G,148,68
->A,C,T,103,41
->A,G,A,84,24
->A,G,C,98,36
->A,G,G,76,20
->A,G,T,111,25
->A,T,A,104,31
->A,T,C,102,37
->A,T,G,99,42
->A,T,T,135,51
->C,A,A,173,106
->C,A,C,96,52
->C,A,G,140,78
->C,A,T,129,66
->C,C,A,704,367
->C,C,C,641,341
->C,C,G,814,482
->C,C,T,824,473
->C,G,A,143,35
->C,G,C,96,41
->C,G,G,134,47
->C,G,T,212,51
->C,T,A,88,50
->C,T,C,89,54
->C,T,G,90,44
->C,T,T,160,74
->G,A,A,166,103
->G,A,C,116,74
->G,A,G,102,67
->G,A,T,119,66
->G,C,A,95,53
->G,C,C,69,42
->G,C,G,142,99
->G,C,T,145,64
->G,G,A,955,423
->G,G,C,820,334
->G,G,G,510,253
->G,G,T,756,375
->G,T,A,133,72
->G,T,C,122,81
->G,T,G,98,46
->G,T,T,160,72
->T,A,A,197,142
->T,A,C,123,85
->T,A,G,145,107
->T,A,T,99,55
->T,C,A,84,55
->T,C,C,75,59
->T,C,G,108,61
->T,C,T,85,54
->T,G,A,123,73
->T,G,C,79,54
->T,G,G,77,45
->T,G,T,101,43
->T,T,A,2286,810
->T,T,C,1591,610
->T,T,G,1051,445
->T,T,T,1467,645
A>-,A,C,1043,606
A>-,A,G,1446,783
A>-,A,T,1472,896
A>-,C,C,128,91
A>-,C,G,253,126
A>-,C,T,272,150
A>-,G,C,136,81
A>-,G,G,189,104
A>-,G,T,272,144
A>-,T,C,132,97
A>-,T,G,112,66
A>-,T,T,254,158
C>-,A,A,278,158
C>-,A,G,171,111
C>-,A,T,206,118
C>-,C,A,815,457
C>-,C,G,1058,552
C>-,C,T,868,526
C>-,G,A,220,116
C>-,G,G,187,111
C>-,G,T,308,137
C>-,T,A,312,191
C>-,T,G,195,116
C>-,T,T,289,165
G>-,A,A,327,155
G>-,A,C,308,174
G>-,A,T,227,96
G>-,C,A,159,52
G>-,C,C,166,73
G>-,C,T,184,56
G>-,G,A,1069,496
G>-,G,C,1005,440
G>-,G,T,670,335
G>-,T,A,330,128
G>-,T,C,208,101
G>-,T,T,282,110
T>-,A,A,248,91
T>-,A,C,282,125
T>-,A,G,272,128
T>-,C,A,95,43
T>-,C,C,145,61
T>-,C,G,274,113
T>-,G,A,114,47
T>-,G,C,160,65
T>-,G,G,126,40
T>-,T,A,891,386
T>-,T,C,1316,549
T>-,T,G,1297,501
