operation,prev_base,next_base,total,freq_at_t22,freq_at_t23,freq_at_t24,freq_at_t25,freq_at_t26,freq_at_t27,freq_at_t28,freq_at_t29,freq_at_t30,freq_at_t31,freq_at_t32,freq_at_t33,freq_at_t34,freq_at_t35,freq_at_t36
A>C,A,A,216,19,14,12,10,11,19,22,16,18,13,9,10,14,15,14
A>C,A,C,174,21,14,9,5,11,11,17,11,9,12,10,7,15,13,9
A>C,A,G,95,8,7,10,8,5,4,5,8,4,7,7,6,6,5,5
A>C,A,T,104,7,6,7,7,7,7,12,5,6,6,7,5,11,6,5
A>C,C,A,301,15,22,30,23,17,16,20,15,35,18,23,18,13,22,14
A>C,C,C,85,9,7,6,6,3,4,4,5,10,4,4,4,6,9,4
A>C,C,G,107,5,3,7,11,5,12,3,4,3,10,13,8,5,11,7
A>C,C,T,97,12,7,5,6,9,2,3,9,6,4,5,3,6,7,13
A>C,G,A,126,10,4,9,9,9,10,9,11,15,8,6,5,9,5,7
A>C,G,C,42,3,3,2,4,1,3,4,3,1,4,3,2,5,4,0
A>C,G,G,56,4,4,2,2,3,3,5,3,4,5,4,4,5,5,3
A>C,G,T,68,4,4,4,4,7,4,4,6,9,6,5,1,6,2,2
A>C,T,A,77,5,6,6,8,2,5,3,4,3,6,7,4,7,6,5
A>C,T,C,39,3,5,3,2,2,3,2,1,2,5,1,4,2,1,3
A>C,T,G,31,1,5,2,3,1,2,2,2,2,1,4,1,1,3,1
A>C,T,T,76,4,3,2,7,7,2,4,3,7,6,7,5,6,6,7
A>G,A,A,104,13,7,9,7,14,9,10,1,3,4,2,7,5,7,6
A>G,A,C,45,3,6,3,2,2,5,2,4,3,3,3,1,3,2,3
A>G,A,G,209,11,16,12,17,13,19,15,9,17,14,21,16,11,12,6
A>G,A,T,57,7,3,2,2,7,2,2,4,4,6,0,2,5,4,7
A>G,C,A,36,3,1,4,2,0,4,1,1,3,5,2,1,3,3,3
A>G,C,C,9,1,0,0,0,0,0,2,0,1,0,2,0,2,1,0
A>G,C,G,48,7,5,1,2,3,3,2,3,4,3,2,1,4,2,6
A>G,C,T,17,1,2,3,1,1,0,0,1,3,2,2,0,1,0,0
A>G,G,A,259,18,15,18,20,16,18,12,19,20,21,17,17,18,19,11
A>G,G,C,37,8,2,4,0,3,2,4,2,2,3,1,0,3,1,2
A>G,G,G,51,1,3,1,3,2,6,3,4,2,2,6,5,4,4,5
A>G,G,T,50,4,5,1,1,6,3,5,3,4,4,0,3,4,3,4
A>G,T,A,25,1,1,5,2,0,0,3,3,0,0,2,5,1,0,2
A>G,T,C,10,1,1,0,1,0,2,1,0,1,1,2,0,0,0,0
A>G,T,G,17,2,2,1,2,1,1,1,2,0,0,1,0,1,2,1
A>G,T,T,15,2,0,0,0,1,0,3,1,0,0,1,3,1,1,2
A>T,A,A,108,6,9,7,9,11,7,9,7,2,5,9,10,3,9,5
A>T,A,C,41,1,5,1,2,1,3,2,4,2,0,4,6,4,3,3
A>T,A,G,61,2,6,5,5,5,5,3,5,3,8,3,3,3,1,4
A>T,A,T,396,26,32,23,24,25,30,33,26,27,34,17,26,27,23,23
A>T,C,A,35,6,2,1,6,1,0,1,1,2,4,1,3,1,3,3
A>T,C,C,10,2,0,0,0,0,0,0,1,1,1,1,3,1,0,0
A>T,C,G,21,0,3,1,1,2,2,0,1,1,2,2,1,0,1,4
A>T,C,T,79,6,6,7,3,2,7,7,2,5,5,8,6,4,4,7
A>T,G,A,40,5,3,4,2,0,1,2,2,5,3,4,2,2,3,2
A>T,G,C,15,0,0,2,0,2,2,2,2,1,1,0,1,0,1,1
A>T,G,G,12,0,0,1,2,1,2,0,1,0,1,1,1,0,2,0
A>T,G,T,95,11,8,6,8,5,3,3,1,11,7,7,10,6,5,4
A>T,T,A,387,15,31,34,24,39,21,17,32,16,34,23,21,18,29,33
A>T,T,C,43,3,9,4,2,2,3,3,1,0,5,0,3,3,2,3
A>T,T,G,35,4,3,2,1,2,2,1,0,4,1,5,3,1,3,3
A>T,T,T,184,17,12,11,13,17,9,14,10,13,13,15,8,12,8,12
G>A,A,A,219,17,23,18,10,15,12,16,15,17,12,9,10,16,14,15
G>A,A,C,121,6,8,9,8,4,8,13,11,8,7,8,4,8,11,8
G>A,A,G,242,19,17,21,17,10,14,22,16,13,22,15,13,12,14,17
G>A,A,T,76,2,8,4,1,4,4,3,9,6,6,8,5,4,8,4
G>A,C,A,69,4,2,3,6,2,4,7,7,5,6,3,3,5,5,7
G>A,C,C,11,0,0,2,0,2,0,1,1,1,1,0,2,1,0,0
G>A,C,G,43,0,5,0,2,6,4,2,2,4,4,3,4,2,1,4
G>A,C,T,14,0,3,2,2,1,3,0,0,0,1,0,0,1,0,1
G>A,G,A,416,27,34,18,23,28,27,33,24,31,26,30,26,27,26,36
G>A,G,C,34,2,8,1,2,1,2,1,3,1,5,1,1,1,2,3
G>A,G,G,40,2,6,3,3,2,3,2,2,2,2,3,2,1,6,1
G>A,G,T,31,2,3,1,0,5,4,1,2,0,2,2,2,1,1,5
G>A,T,A,156,13,5,4,15,12,7,11,9,14,11,11,12,12,6,14
G>A,T,C,24,4,0,3,0,3,1,2,2,2,1,0,1,0,3,2
G>A,T,G,35,3,4,4,1,2,2,1,3,0,2,4,3,4,0,2
G>A,T,T,21,5,1,0,4,2,2,0,0,0,2,0,2,1,1,1
G>C,A,A,10,1,1,2,0,0,0,0,2,0,1,2,0,0,0,1
G>C,A,C,58,5,6,5,4,3,7,0,3,2,5,3,6,5,2,2
G>C,A,G,38,2,1,4,4,1,3,3,1,4,1,5,3,0,3,3
G>C,A,T,13,1,1,0,1,2,0,1,0,1,3,0,0,1,2,0
G>C,C,A,41,2,2,2,3,3,3,3,2,2,4,4,4,1,4,2
G>C,C,C,62,0,5,5,5,7,5,5,5,2,6,7,1,1,2,6
G>C,C,G,176,8,13,16,14,10,12,15,6,8,18,11,13,8,11,13
G>C,C,T,41,1,2,4,2,3,4,3,5,3,1,2,1,2,3,5
G>C,G,A,62,1,7,4,5,3,4,2,1,7,2,6,8,6,5,1
G>C,G,C,220,12,12,23,13,19,5,13,17,17,17,15,16,15,14,12
G>C,G,G,68,6,5,3,5,5,4,3,6,8,3,1,6,7,3,3
G>C,G,T,35,0,3,2,2,1,4,3,4,5,0,3,1,2,3,2
G>C,T,A,19,3,1,1,1,1,2,1,1,1,0,0,1,2,2,2
G>C,T,C,60,6,4,4,8,4,2,2,1,10,5,2,1,3,2,6
G>C,T,G,32,2,3,2,5,1,4,2,0,1,1,1,3,1,1,5
G>C,T,T,26,3,0,1,1,3,3,4,1,0,2,2,2,2,1,1
G>T,A,A,118,9,16,9,10,7,4,9,10,8,2,7,5,5,8,9
G>T,A,C,123,8,9,7,9,8,7,11,11,4,7,10,8,7,5,12
G>T,A,G,120,7,13,7,5,10,11,7,8,8,10,3,10,8,6,7
G>T,A,T,140,13,8,11,7,11,11,16,6,4,8,15,7,7,10,6
G>T,C,A,74,6,5,2,3,7,5,8,6,4,4,4,5,6,5,4
G>T,C,C,80,5,5,6,5,6,4,4,3,3,5,9,12,6,3,4
G>T,C,G,116,6,4,6,8,7,8,12,6,4,7,13,10,7,7,11
G>T,C,T,143,14,6,14,12,7,6,11,7,6,9,11,8,10,8,14
G>T,G,A,100,9,9,11,3,11,2,5,11,8,5,6,5,1,9,5
G>T,G,C,80,5,5,5,7,4,4,4,2,7,7,11,7,5,3,4
G>T,G,G,63,2,4,5,3,8,5,4,5,4,3,4,0,5,7,4
G>T,G,T,323,19,23,27,22,29,34,13,22,15,18,24,25,14,19,19
G>T,T,A,208,17,15,16,12,12,14,10,15,16,14,9,12,13,16,17
G>T,T,C,142,11,14,11,7,10,14,8,10,9,10,7,9,6,6,10
G>T,T,G,288,23,27,21,17,17,13,22,11,17,23,15,14,17,20,31
G>T,T,T,214,10,17,18,22,18,10,17,11,13,17,10,14,14,13,10
C>A,A,A,235,16,18,12,14,11,18,18,17,19,16,10,21,11,16,18
C>A,A,C,303,24,16,27,16,21,22,21,16,21,20,17,27,18,17,20
C>A,A,G,135,11,11,10,11,9,7,9,5,8,7,9,11,12,11,4
C>A,A,T,123,10,6,18,11,7,4,6,6,6,6,13,5,3,12,10
C>A,C,A,289,16,25,24,19,19,10,17,28,18,18,23,21,10,15,26
C>A,C,C,81,3,2,6,6,9,8,6,6,2,3,6,4,9,3,8
C>A,C,G,128,10,10,8,13,8,11,6,6,9,6,7,8,6,9,11
C>A,C,T,111,6,5,12,5,2,5,7,12,10,7,8,8,7,7,10
C>A,G,A,135,9,10,10,13,7,8,9,7,12,7,6,8,10,10,9
C>A,G,C,109,10,10,6,6,5,4,8,10,6,11,5,8,10,8,2
C>A,G,G,64,3,1,3,4,6,2,1,3,10,9,3,6,7,1,5
C>A,G,T,129,8,10,11,5,7,7,10,7,16,11,8,6,9,8,6
C>A,T,A,190,10,12,20,10,22,14,15,9,16,9,12,16,14,6,5
C>A,T,C,94,6,7,9,10,3,4,4,10,4,7,9,7,5,6,3
C>A,T,G,79,8,4,3,4,5,4,8,3,5,5,6,8,7,5,4
C>A,T,T,123,6,7,6,8,10,9,11,8,12,9,6,7,6,7,11
C>G,A,A,22,3,4,4,1,1,1,1,0,1,0,1,1,1,2,1
C>G,A,C,32,3,1,2,1,1,3,3,5,2,1,1,3,3,0,3
C>G,A,G,35,3,0,1,4,2,3,2,3,5,3,3,1,2,3,0
C>G,A,T,9,1,0,3,2,0,1,1,0,0,1,0,0,0,0,0
C>G,C,A,27,1,2,2,3,2,2,1,2,5,3,2,0,1,1,0
C>G,C,C,70,5,6,4,4,5,4,8,5,4,5,7,2,4,2,5
C>G,C,G,173,11,9,16,13,11,13,14,8,6,13,11,15,11,10,12
C>G,C,T,42,3,3,3,2,2,5,5,4,2,1,3,1,3,3,2
C>G,G,A,51,6,3,3,4,2,3,1,5,1,5,2,6,4,3,3
C>G,G,C,238,23,18,10,16,11,24,12,16,7,18,17,14,17,16,19
C>G,G,G,69,7,3,4,4,4,7,4,4,4,5,9,6,1,4,3
C>G,G,T,54,6,3,3,5,1,2,6,6,1,2,4,4,3,5,3
C>G,T,A,26,1,3,2,1,2,1,3,1,2,0,2,3,2,0,3
C>G,T,C,46,5,2,5,3,1,2,4,3,2,3,5,3,3,2,3
C>G,T,G,40,2,4,1,1,2,4,3,2,5,3,4,1,1,3,4
C>G,T,T,13,1,3,3,0,1,0,1,0,0,2,1,0,0,1,0
C>T,A,A,21,3,0,3,2,0,1,2,1,0,5,0,1,1,2,0
C>T,A,C,26,1,1,3,2,2,2,0,2,0,4,2,0,1,3,3
C>T,A,G,23,1,0,1,0,2,2,1,0,2,3,1,3,0,3,4
C>T,A,T,57,6,10,4,3,1,2,7,3,3,3,3,5,1,2,4
C>T,C,A,23,2,1,1,2,3,0,2,3,1,2,1,1,2,1,1
C>T,C,C,38,4,4,1,4,3,1,1,2,1,2,4,5,0,1,5
C>T,C,G,49,4,2,5,1,0,2,3,3,4,5,2,6,4,5,3
C>T,C,T,256,18,14,19,18,17,15,15,28,15,16,18,18,16,15,14
C>T,G,A,15,2,0,0,0,1,2,2,0,1,1,0,3,0,2,1
C>T,G,C,25,0,2,3,2,2,2,1,1,2,2,2,1,1,2,2
C>T,G,G,17,3,4,3,1,0,0,0,1,1,0,0,1,2,1,0
C>T,G,T,123,11,5,3,10,12,6,6,15,12,10,3,5,5,11,9
C>T,T,A,93,6,11,5,6,2,6,8,6,10,7,7,5,4,0,10
C>T,T,C,413,35,22,37,22,33,25,24,32,14,26,23,31,33,22,34
C>T,T,G,54,5,5,2,2,3,3,1,5,5,3,3,5,6,3,3
C>T,T,T,205,13,17,13,13,15,10,15,9,12,13,14,12,14,16,19
T>A,A,A,167,10,7,12,11,16,9,10,9,14,10,13,13,12,12,9
T>A,A,C,96,4,9,8,3,17,6,5,4,7,3,6,4,8,6,6
T>A,A,G,111,6,8,4,6,7,8,0,11,12,7,7,11,13,5,6
T>A,A,T,415,21,29,31,37,19,34,28,22,32,29,25,25,34,25,24
T>A,C,A,42,4,3,3,0,3,0,2,4,4,7,1,3,3,3,2
T>A,C,C,14,0,1,0,1,2,2,2,0,1,1,2,0,1,1,0
T>A,C,G,27,1,2,1,1,2,2,3,3,2,2,0,0,5,1,2
T>A,C,T,50,6,1,4,4,4,7,0,2,3,2,4,4,2,4,3
T>A,G,A,50,2,2,1,8,3,2,5,1,6,3,2,5,5,2,3
T>A,G,C,8,0,1,0,0,1,0,1,1,1,0,0,1,1,0,1
T>A,G,G,14,0,1,2,2,0,2,0,1,0,1,0,2,1,1,1
T>A,G,T,37,5,7,1,5,1,0,1,3,1,2,5,1,1,2,2
T>A,T,A,347,24,23,30,26,14,23,20,26,29,21,24,21,22,18,26
T>A,T,C,27,2,4,3,1,1,3,0,2,0,0,4,2,2,3,0
T>A,T,G,42,3,4,2,4,4,0,5,4,5,3,2,1,1,3,1
T>A,T,T,119,9,13,14,11,6,10,5,9,5,9,9,7,3,3,6
T>C,A,A,12,2,3,0,0,0,0,1,0,0,1,0,0,2,0,3
T>C,A,C,48,5,3,2,2,4,3,3,2,5,3,2,8,2,1,3
T>C,A,G,21,1,3,2,1,0,1,2,3,2,0,0,2,1,2,1
T>C,A,T,50,3,0,2,2,3,2,3,11,4,7,2,4,3,1,3
T>C,C,A,16,2,3,1,2,0,2,1,1,0,3,0,0,0,1,0
T>C,C,C,52,4,4,9,3,4,0,2,6,4,2,2,2,2,4,4
T>C,C,G,51,1,2,4,5,2,3,2,5,4,4,4,5,1,5,4
T>C,C,T,200,18,8,16,11,14,10,21,14,17,14,14,12,14,8,9
T>C,G,A,15,0,0,2,1,0,2,1,2,0,3,0,2,1,0,1
T>C,G,C,28,1,2,0,3,0,2,2,3,2,0,1,3,4,2,3
T>C,G,G,15,1,2,2,2,0,0,1,2,0,0,0,1,1,1,2
T>C,G,T,40,3,1,8,0,5,3,1,1,3,3,2,1,6,1,2
T>C,T,A,34,5,3,1,0,3,1,4,2,1,4,4,0,0,4,2
T>C,T,C,293,21,22,19,22,21,18,14,29,11,17,17,24,22,17,19
T>C,T,G,24,1,3,0,5,2,1,3,2,1,1,2,1,1,0,1
T>C,T,T,87,9,9,6,7,2,5,5,3,6,4,3,11,8,8,1
T>G,A,A,66,10,5,5,4,0,4,6,2,5,5,5,4,2,4,5
T>G,A,C,81,3,10,3,5,10,3,6,5,9,6,8,5,3,2,3
T>G,A,G,84,6,5,5,3,6,6,6,7,7,5,6,5,7,5,5
T>G,A,T,128,8,4,16,6,5,9,6,17,8,8,9,9,7,7,9
T>G,C,A,26,3,4,1,0,1,1,2,2,4,3,1,0,0,1,3
T>G,C,C,51,1,5,3,2,5,3,5,3,6,5,0,5,4,2,2
T>G,C,G,100,6,6,9,11,3,9,5,10,3,4,8,5,9,7,5
T>G,C,T,116,11,5,8,13,10,9,6,11,7,5,4,7,5,9,6
T>G,G,A,38,2,0,1,2,5,4,4,0,4,1,3,3,2,2,5
T>G,G,C,57,1,5,2,1,3,2,7,2,4,4,5,4,4,10,3
T>G,G,G,63,1,3,2,2,6,8,4,1,5,5,7,4,4,5,6
T>G,G,T,149,8,8,10,11,8,13,11,8,9,14,16,9,7,11,6
T>G,T,A,84,4,3,3,10,10,7,4,6,6,8,9,3,7,1,3
T>G,T,C,133,13,5,4,15,11,4,2,9,9,9,9,8,13,13,9
T>G,T,G,354,24,27,22,22,26,25,38,21,19,16,16,26,30,20,22
T>G,T,T,219,22,22,13,9,23,10,9,10,11,23,11,12,15,21,8
->A,A,A,8817,498,665,581,613,632,643,562,566,582,538,620,595,563,578,581
->A,A,C,8842,631,646,597,589,591,567,520,538,631,600,563,626,603,584,556
->A,A,G,7322,537,471,478,502,462,524,497,501,487,438,481,487,518,455,484
->A,A,T,6414,411,412,446,424,429,410,418,412,427,431,393,419,461,487,434
->A,C,A,370,26,31,21,22,19,34,21,19,31,31,23,15,29,24,24
->A,C,C,401,28,35,19,33,34,18,20,28,32,31,28,20,27,18,30
->A,C,G,564,31,29,34,37,39,38,47,44,41,40,39,38,31,42,34
->A,C,T,534,42,25,31,34,41,53,35,33,30,34,36,32,36,33,39
->A,G,A,438,22,24,31,45,35,19,32,28,31,22,27,29,32,30,31
->A,G,C,426,35,35,26,29,19,27,27,26,28,17,27,26,33,31,40
->A,G,G,320,21,27,20,17,24,14,21,20,24,36,25,20,14,18,19
->A,G,T,459,29,28,28,30,29,30,32,32,31,30,34,33,27,40,26
->A,T,A,508,30,25,44,46,26,36,28,26,33,33,33,36,43,36,33
->A,T,C,501,24,27,43,29,28,31,33,29,39,41,36,38,36,34,33
->A,T,G,442,34,18,31,37,32,31,26,31,25,36,29,30,27,22,33
->A,T,T,640,50,47,36,40,53,43,44,39,37,54,43,39,46,28,41
->C,A,A,587,40,48,36,33,36,36,38,44,44,34,39,50,27,46,36
->C,A,C,486,52,30,32,41,27,32,38,38,29,22,31,33,26,28,27
->C,A,G,601,65,43,47,40,28,35,42,47,31,35,40,33,33,42,40
->C,A,T,619,38,40,36,51,40,37,38,48,31,40,58,40,40,42,40
->C,C,A,3180,214,197,230,204,200,210,214,205,190,211,217,205,249,215,219
->C,C,C,3330,194,208,233,228,243,239,251,219,204,224,233,209,208,245,192
->C,C,G,3680,250,239,256,264,252,268,230,237,234,266,250,245,239,210,240
->C,C,T,3976,278,236,264,241,265,261,256,289,252,289,261,308,261,226,289
->C,G,A,723,42,64,50,49,46,33,47,55,56,48,44,46,51,48,44
->C,G,C,386,31,17,24,26,27,37,19,25,21,20,21,27,36,28,27
->C,G,G,566,42,41,37,44,30,41,39,29,39,42,26,40,37,34,45
->C,G,T,933,67,66,82,70,63,65,58,64,60,59,60,54,49,49,67
->C,T,A,447,33,28,36,32,30,24,27,40,33,34,31,30,24,20,25
->C,T,C,405,25,24,39,19,28,29,30,26,23,25,31,28,30,22,26
->C,T,G,406,17,32,31,20,22,15,33,31,32,24,24,23,36,29,37
->C,T,T,740,59,43,51,60,43,53,49,39,49,43,46,58,52,48,47
->G,A,A,870,69,67,61,50,52,67,67,57,44,46,64,52,54,62,58
->G,A,C,475,29,26,29,27,35,24,39,42,29,37,26,35,24,41,32
->G,A,G,563,43,35,36,44,33,29,46,40,43,25,41,43,31,34,40
->G,A,T,669,39,59,48,48,40,47,39,41,46,35,53,43,43,49,39
->G,C,A,522,41,42,35,41,43,33,40,34,32,32,25,27,35,33,29
->G,C,C,379,27,28,25,19,29,20,30,23,20,27,34,20,33,28,16
->G,C,G,675,42,36,56,48,54,51,55,52,53,43,37,40,41,34,33
->G,C,T,642,37,31,39,48,36,39,47,45,49,41,45,54,43,43,45
->G,G,A,4333,285,293,302,293,311,289,268,274,295,289,274,291,305,292,272
->G,G,C,3475,221,244,226,246,231,225,256,202,230,249,216,236,229,226,238
->G,G,G,2602,179,210,190,183,181,176,168,133,171,160,174,164,176,156,181
->G,G,T,3654,271,182,248,238,234,253,276,251,246,247,243,244,243,231,247
->G,T,A,703,43,47,59,62,46,50,35,58,32,44,39,49,48,42,49
->G,T,C,562,36,30,36,39,37,38,36,41,38,44,45,33,51,24,34
->G,T,G,440,31,26,24,40,31,24,30,28,27,32,26,24,35,28,34
->G,T,T,851,56,59,60,57,58,56,66,45,56,60,57,61,66,48,46
->T,A,A,800,67,57,52,49,56,47,60,52,47,49,53,56,56,54,45
->T,A,C,488,32,33,34,39,22,35,27,40,35,32,24,35,30,33,37
->T,A,G,565,50,51,34,36,34,44,45,37,35,38,31,28,34,28,40
->T,A,T,546,37,31,41,27,42,41,41,36,29,30,40,43,40,30,38
->T,C,A,404,25,27,27,26,29,29,27,20,22,29,32,29,27,28,27
->T,C,C,308,23,26,21,21,20,21,25,21,12,20,17,25,19,22,15
->T,C,G,441,29,30,15,28,28,33,39,35,32,31,31,30,30,24,26
->T,C,T,429,35,24,38,30,29,24,37,29,20,31,24,23,22,30,33
->T,G,A,509,33,44,35,40,29,36,28,36,41,33,36,27,34,32,25
->T,G,C,366,29,16,25,22,32,24,23,18,23,32,24,23,17,33,25
->T,G,G,267,18,19,15,19,17,17,12,18,22,26,20,15,9,22,18
->T,G,T,535,30,37,36,33,33,35,31,50,43,30,25,40,39,38,35
->T,T,A,10522,685,737,682,738,697,690,669,763,698,693,704,699,732,650,685
->T,T,C,7568,508,543,510,531,526,489,512,473,507,502,461,524,496,489,497
->T,T,G,4849,357,388,315,301,348,307,331,276,309,308,297,320,362,312,318
->T,T,T,8204,510,516,505,624,525,568,540,525,544,553,563,599,530,567,535
A>-,A,C,4503,328,338,324,283,332,283,309,261,296,285,297,311,294,287,275
A>-,A,G,6110,370,430,467,415,416,415,458,417,363,420,386,425,345,404,379
A>-,A,T,6450,484,462,401,430,460,458,469,442,406,402,393,393,416,376,458
A>-,C,C,617,34,41,36,39,38,38,43,51,30,52,43,40,52,47,33
A>-,C,G,1154,84,72,84,73,85,85,79,70,81,72,81,64,72,74,78
A>-,C,T,1332,106,96,99,90,87,87,86,72,88,82,83,97,89,85,85
A>-,G,C,594,41,32,48,37,47,40,42,31,47,43,26,47,32,40,41
A>-,G,G,708,39,50,50,55,33,47,51,47,54,46,41,54,47,53,41
A>-,G,T,1242,101,79,83,73,81,75,72,79,75,94,90,97,74,88,81
A>-,T,C,560,34,32,44,31,35,47,32,33,33,38,33,38,47,36,47
A>-,T,G,449,28,33,25,34,35,26,25,37,45,27,34,30,25,28,17
A>-,T,T,1239,94,69,77,98,96,82,85,81,79,87,68,84,87,78,74
C>-,A,A,1272,84,87,84,84,80,86,93,75,86,84,73,85,88,92,91
C>-,A,G,813,66,56,55,59,43,60,57,65,59,48,50,49,60,48,38
C>-,A,T,892,52,53,53,59,60,67,69,73,46,53,59,49,63,73,63
C>-,C,A,3732,252,259,234,271,278,223,223,262,301,232,231,245,238,219,264
C>-,C,G,4894,295,312,360,328,296,332,342,326,300,314,311,349,333,367,329
C>-,C,T,3953,288,231,284,294,265,261,238,335,208,232,270,298,245,253,251
C>-,G,A,1032,78,75,79,66,52,79,73,63,69,50,74,63,62,72,77
C>-,G,G,716,55,66,38,56,47,50,40,41,38,45,44,55,46,48,47
C>-,G,T,1473,90,94,111,106,97,93,97,94,129,109,95,78,101,89,90
C>-,T,A,1464,100,104,110,89,103,98,94,98,90,106,95,90,87,105,95
C>-,T,G,839,65,55,41,53,54,74,53,48,59,51,69,54,62,50,51
C>-,T,T,1451,100,93,87,104,78,113,98,93,102,86,111,102,87,98,99
G>-,A,A,1407,90,90,88,120,96,110,92,78,94,81,90,100,90,100,88
G>-,A,C,1398,91,88,106,99,88,90,111,74,93,106,91,87,82,102,90
G>-,A,T,939,63,75,55,51,72,66,69,51,70,43,80,74,45,73,52
G>-,C,A,751,56,62,49,52,52,53,46,47,35,65,46,33,45,60,50
G>-,C,C,753,50,48,52,48,42,49,39,52,46,50,51,60,63,56,47
G>-,C,T,805,50,63,51,48,50,62,44,55,56,45,48,64,63,46,60
G>-,G,A,5012,289,336,346,331,349,346,396,292,326,328,323,299,329,382,340
G>-,G,C,4440,297,273,367,259,280,289,297,302,294,323,310,268,325,293,263
G>-,G,T,2988,217,236,213,231,205,218,185,196,179,140,192,193,204,187,192
G>-,T,A,1427,86,93,83,106,94,95,97,80,105,94,103,96,88,102,105
G>-,T,C,1009,74,62,73,70,82,68,64,66,51,75,50,59,67,69,79
G>-,T,T,1302,99,80,87,117,74,92,75,84,89,91,83,89,79,87,76
T>-,A,A,1268,77,97,86,90,84,92,82,73,96,83,78,84,83,73,90
T>-,A,C,1192,64,89,76,82,88,73,90,66,96,68,59,97,79,79,86
T>-,A,G,1257,98,82,76,80,81,82,62,88,74,88,90,95,89,88,84
T>-,C,A,443,31,32,34,30,37,20,18,20,36,30,26,29,32,37,31
T>-,C,C,765,44,58,56,45,55,35,47,47,60,55,51,53,38,56,65
T>-,C,G,1251,79,89,89,81,69,80,90,80,87,86,77,79,97,86,82
T>-,G,A,618,38,46,36,40,39,43,49,29,26,40,59,45,45,37,46
T>-,G,C,626,46,40,39,32,43,39,34,43,45,47,45,40,48,36,49
T>-,G,G,623,45,45,49,39,59,41,33,44,40,39,35,44,31,38,41
T>-,T,A,4513,277,281,360,329,318,290,283,345,281,300,305,278,317,264,285
T>-,T,C,6705,474,417,461,465,425,450,461,507,424,455,468,412,462,409,415
T>-,T,G,5828,444,402,392,403,440,321,389,385,430,398,388,340,365,354,377
